{"city":"newyork","category":"cell-phones","section":"for-sale","heading":"New batteries C-S2 for Blackberry 7100/7130/8700/Curve/Pearl"}
{"city":"newyork","category":"cell-phones","section":"for-sale","heading":"*******   Brand New Original SAMSUNG GALAXY NOTE 2 BATTERY ******"}
{"city":"newyork","category":"cell-phones","section":"for-sale","heading":"SAMSUNG GALAXY SIII T-999 MARBLE WHITE T-MOBILE SMARTPHONE BRAND NEW"}
{"city":"newyork","category":"cell-phones","section":"for-sale","heading":"Ipad mini 64gb 4g any sim unlock "}
{"city":"newyork","category":"cell-phones","section":"for-sale","heading":"htc evo 4g lte for trade"}
{"city":"newyork","category":"cell-phones","section":"for-sale","heading":"Iphone T-mobile Unlock Phone New "}
{"city":"newyork","category":"cell-phones","section":"for-sale","heading":"map"}
{"city":"newyork","category":"cell-phones","section":"for-sale","heading":"at&amp;t iphone 5 32gb black good condition no scratches at all $550"}
{"city":"newyork","category":"cell-phones","section":"for-sale","heading":" iphone 5 white from Tmobile with lifeproof case "}
{"city":"newyork","category":"cell-phones","section":"for-sale","heading":"I-phone 4"}
{"city":"newyork","category":"cell-phones","section":"for-sale","heading":"I PHONE 4 "}
{"city":"newyork","category":"cell-phones","section":"for-sale","heading":"LG Spectrum 2 Shell Holster Case"}
{"city":"newyork","category":"cell-phones","section":"for-sale","heading":"OtterBox Defender Case for iPhone 4S "}
{"city":"newyork","category":"cell-phones","section":"for-sale","heading":"factory Unlocked iphone 5 16gb"}
{"city":"newyork","category":"cell-phones","section":"for-sale","heading":"Samsung Galaxy S3 16G "}
{"city":"newyork","category":"cell-phones","section":"for-sale","heading":"iphone 5 white 16 gb at&amp;t Factory unlocked tmobile simple 16gb"}
{"city":"newyork","category":"cell-phones","section":"for-sale","heading":"Unlocked Blackberry Bold 9900"}
{"city":"newyork","category":"cell-phones","section":"for-sale","heading":"iPhone 5 tmobile 32gb black 10-10"}
{"city":"newyork","category":"cell-phones","section":"for-sale","heading":"ALL Samsung PHONES Unlock &amp; IMEI Fix Service "}
{"city":"newyork","category":"cell-phones","section":"for-sale","heading":"ALL Samsung PHONES  Unlock &amp; IMEI Fix Service"}
{"city":"newyork","category":"cell-phones","section":"for-sale","heading":"i want to buy ipad 4,wifi,4g,mini,iphone 5/4/4s,,macbook pro,air,imac,,retina ap"}
{"city":"newyork","category":"cell-phones","section":"for-sale","heading":"sprint iphone for sale mint "}
{"city":"newyork","category":"cell-phones","section":"for-sale","heading":"HTC Vivid"}
{"city":"newyork","category":"cell-phones","section":"for-sale","heading":"Galaxy s4 Grand Dous"}
{"city":"newyork","category":"cell-phones","section":"for-sale","heading":"IPHONE 5 unlocked Trade/for sale"}
{"city":"newyork","category":"cell-phones","section":"for-sale","heading":"iPhone 5 charger"}
{"city":"newyork","category":"cell-phones","section":"for-sale","heading":"SAMSUNG GALAXY S2 (sprint)"}
{"city":"newyork","category":"cell-phones","section":"for-sale","heading":"factory unlocked black iphone 4 32Gb at&amp;t  mint "}
{"city":"newyork","category":"cell-phones","section":"for-sale","heading":"factory unlocked black iphone 4 8gb "}
{"city":"newyork","category":"cell-phones","section":"for-sale","heading":"Unlocked black iPhone 4 8gb at&amp;t like new "}
{"city":"newyork","category":"cell-phones","section":"for-sale","heading":"Black Sprint iPhone 4 8gb (bad esn)"}
{"city":"newyork","category":"cell-phones","section":"for-sale","heading":"Samsung Galaxy S3 Black Factory Unlocked"}
{"city":"newyork","category":"cell-phones","section":"for-sale","heading":" ((( the best part is I will come to you 20 minutes  repair iPhone )))"}
{"city":"newyork","category":"cell-phones","section":"for-sale","heading":"Like new jailbreak white iPhone 4 for sprint "}
{"city":"newyork","category":"cell-phones","section":"for-sale","heading":"FS: iphone 4 16 gb (unlocked) "}
{"city":"newyork","category":"cell-phones","section":"for-sale","heading":"iphone and galaxy screen repair "}
{"city":"newyork","category":"cell-phones","section":"for-sale","heading":" Samsung Galaxay 3 rooted!!.verizon"}
{"city":"newyork","category":"cell-phones","section":"for-sale","heading":"LG Prada 3.0 - 8GB   Unlocked"}
{"city":"newyork","category":"cell-phones","section":"for-sale","heading":"=&gt;&gt; IPHONE 5 &amp; GALAXY NOTE 2 ***LIKE NEW, UNLOCKED*** for SALE/ TRADE"}
{"city":"newyork","category":"cell-phones","section":"for-sale","heading":"New In Box Galaxy note 2"}
{"city":"newyork","category":"cell-phones","section":"for-sale","heading":"COLOMBIANOS POR FAVOR LEA (RECOMPENSA)"}
{"city":"newyork","category":"cell-phones","section":"for-sale","heading":"Fast Motorola Droid Razr Maxx - 16GB New and Original Factory Unlocked"}
{"city":"newyork","category":"cell-phones","section":"for-sale","heading":"Samsung Galaxy Note 2 -16GB- White (T-Mobile) Smartphone - MINT CONDITION****"}
{"city":"newyork","category":"cell-phones","section":"for-sale","heading":"Samsung Galaxy S4 i9505 HD unlocked white.New"}
{"city":"newyork","category":"cell-phones","section":"for-sale","heading":"iPhone 4 for sprint 8 gig"}
{"city":"newyork","category":"cell-phones","section":"for-sale","heading":"Verizon Galaxy Note 2 Metalic Gray Brand New In Box W/Cover 299.99"}
{"city":"newyork","category":"cell-phones","section":"for-sale","heading":"iPhone 5 - 16GB White - (Factory Unlocked) MINT CONDITION"}
{"city":"newyork","category":"cell-phones","section":"for-sale","heading":"white galaxy note 2 for s/t f.unlocked"}
{"city":"newyork","category":"cell-phones","section":"for-sale","heading":" iPhone5 we want AT&amp;T&amp; Verizon used or cracked - $350 (Queens Brooklyn"}
{"city":"newyork","category":"cell-phones","section":"for-sale","heading":"Wantd samsung galaxy S4 and galaxy note 2 today "}
{"city":"newyork","category":"cell-phones","section":"for-sale","heading":"Seeking for samsung galaxy s4, s3 and iPhone 4s &amp; iPhone 5 today "}
{"city":"newyork","category":"cell-phones","section":"for-sale","heading":"Nokia Lumia 800 - 16GB New Factory Unlocked"}
{"city":"newyork","category":"cell-phones","section":"for-sale","heading":" I want BUYING IPHONE'S and Galaxy S4- $999 (Flushing ) "}
{"city":"newyork","category":"cell-phones","section":"for-sale","heading":"AT&amp;T IPHONE 5 64GB FACTORY UNLOCK"}
{"city":"newyork","category":"cell-phones","section":"for-sale","heading":"I like to buy your iphone"}
{"city":"newyork","category":"cell-phones","section":"for-sale","heading":"iPhone 5 Verizon unlocked 64 GB"}
{"city":"newyork","category":"cell-phones","section":"for-sale","heading":"HTC Sensation UNLOCKED (Android 4.0 - ICS)"}
{"city":"newyork","category":"cell-phones","section":"for-sale","heading":"Samsung Galaxy Tab 10.1"}
{"city":"newyork","category":"cell-phones","section":"for-sale","heading":"White Skulls on Black Hard Case for LG Envy Touch Phone"}
{"city":"newyork","category":"cell-phones","section":"for-sale","heading":"AT&amp;T IPHONE 5 16GB FACTORY UNLOCKED"}
{"city":"newyork","category":"cell-phones","section":"for-sale","heading":"Verizon Galaxy Note 2 Titanium **TONS OF CASES AND 2 BATTERIES!!***"}
{"city":"newyork","category":"cell-phones","section":"for-sale","heading":"iPhone5 Brand New !!! Never Use"}
{"city":"newyork","category":"cell-phones","section":"for-sale","heading":"HTC one mint with all accessories att silver clean esn"}
{"city":"newyork","category":"cell-phones","section":"for-sale","heading":"NEW IPHONE 5 FOR SALE!!!"}
{"city":"newyork","category":"cell-phones","section":"for-sale","heading":"verizon iphone 4s black 16gb"}
{"city":"newyork","category":"cell-phones","section":"for-sale","heading":"&#9733;&#9733;&#9733;&#9733;iPHONE 4/4S ''WANTED''&#9733;&#9733;&#9733;&#9733;"}
{"city":"newyork","category":"cell-phones","section":"for-sale","heading":"unlocked samsung galaxy s2"}
{"city":"newyork","category":"cell-phones","section":"for-sale","heading":"BLACKBERRY BOLD 9800 FOR SALE"}
{"city":"newyork","category":"cell-phones","section":"for-sale","heading":"GALAXY INFUSE SAMSUNG S2 AT&amp;T"}
{"city":"newyork","category":"cell-phones","section":"for-sale","heading":"I PHONE 4 BLACK- 2 MONTHS OLD LIKE NEW (sprint)"}
{"city":"newyork","category":"cell-phones","section":"for-sale","heading":"_________ FREE CABLE TV and MOVIES! - - - - - - - - - "}
{"city":"newyork","category":"cell-phones","section":"for-sale","heading":"for sale/trade htc one t-mobile "}
{"city":"newyork","category":"cell-phones","section":"for-sale","heading":"for sale my touch 4g and htc hd 7"}
{"city":"newyork","category":"cell-phones","section":"for-sale","heading":"map"}
{"city":"newyork","category":"cell-phones","section":"for-sale","heading":"for sale brand new condition htc one"}
{"city":"newyork","category":"cell-phones","section":"for-sale","heading":"NEW SAMSUNG GALAXY S4 WHITE COLOR T-MOBILE"}
{"city":"newyork","category":"cell-phones","section":"for-sale","heading":"For sale/trade blue galaxy s3 factory unlock "}
{"city":"newyork","category":"cell-phones","section":"for-sale","heading":"For sale/ trade blue samsung galaxy s3 factory unlock "}
{"city":"newyork","category":"cell-phones","section":"for-sale","heading":"For sale/trade blue Samsung galaxy s3 factory unlock "}
{"city":"newyork","category":"cell-phones","section":"for-sale","heading":"for sale/trade htc one t-mobile "}
{"city":"newyork","category":"cell-phones","section":"for-sale","heading":"Samsung Galaxy S2 and S3 replacement battery"}
{"city":"newyork","category":"cell-phones","section":"for-sale","heading":"map"}
{"city":"newyork","category":"cell-phones","section":"for-sale","heading":"iPhone 4S   unlocked 16gb"}
{"city":"newyork","category":"cell-phones","section":"for-sale","heading":"t mobile prism"}
{"city":"newyork","category":"cell-phones","section":"for-sale","heading":"Repairs of iPhone Screen"}
{"city":"newyork","category":"cell-phones","section":"for-sale","heading":"******* NEW CINGULAR GO PHONE"}
{"city":"newyork","category":"cell-phones","section":"for-sale","heading":"SAMSUNG GALAXY S3 AT&amp;T 16GB BLACK/BLUE "}
{"city":"newyork","category":"cell-phones","section":"for-sale","heading":"Repairs of iPhone "}
{"city":"newyork","category":"cell-phones","section":"for-sale","heading":"Samsung I8190 Galaxy S III mini New"}
{"city":"newyork","category":"cell-phones","section":"for-sale","heading":"map"}
{"city":"newyork","category":"cell-phones","section":"for-sale","heading":"map"}
{"city":"newyork","category":"cell-phones","section":"for-sale","heading":"map"}
{"city":"newyork","category":"cell-phones","section":"for-sale","heading":"iPhone Repairs - Cracked Screen Replacement"}
{"city":"newyork","category":"cell-phones","section":"for-sale","heading":"LG Optimus Vu II F200 4G LTE"}
{"city":"newyork","category":"cell-phones","section":"for-sale","heading":"Brand NEW Blackberry Torch 9810 ATT"}
{"city":"newyork","category":"cell-phones","section":"for-sale","heading":"Brand NEW Galaxy S4 ACTIVE - WATERPROOF"}
{"city":"newyork","category":"cell-phones","section":"for-sale","heading":"New Blackberry Torch 9810 unlocked"}
{"city":"newyork","category":"cell-phones","section":"for-sale","heading":"NEW IPHONE 5 FOR SALE!!!"}
{"city":"newyork","category":"cell-phones","section":"for-sale","heading":"Factory Unlocked White iPhone 4S 16 GB in NEW Condition"}
{"city":"newyork","category":"cell-phones","section":"for-sale","heading":"Factory Unlocked White iPhone 4 16 GB with the Firmware 5.0.1"}
{"city":"newyork","category":"cell-phones","section":"for-sale","heading":"Factory Unlocked iPhone 5 White 32 GB with Accessories"}
{"city":"newyork","category":"cell-phones","section":"for-sale","heading":"iPhone 5 - Black - 64GB - Factory Unlocked"}
{"city":"newyork","category":"cell-phones","section":"for-sale","heading":"map"}
{"city":"newyork","category":"cell-phones","section":"for-sale","heading":"FS: SAMSUNG GALAXY S3 WHITE 16GB BRAND NEW ***"}
{"city":"newyork","category":"cell-phones","section":"for-sale","heading":"i want to buy ipad 4,wifi,4g,mini,iphone 5/4/4s,,macbook pro,air,imac,,retinaap"}
{"city":"newyork","category":"cell-phones","section":"for-sale","heading":"Apple iPhone 5 (Latest Model) - 16GB - Black and Slate (AT&amp;T Factory U"}
{"city":"newyork","category":"cell-phones","section":"for-sale","heading":"HTC SENSATION 4g (Unlocked,Rooted)"}
{"city":"newyork","category":"cell-phones","section":"for-sale","heading":"samsung galaxy s2 16gb"}
{"city":"newyork","category":"cell-phones","section":"for-sale","heading":"Sprint HTC ONE trade with S4"}
{"city":"newyork","category":"cell-phones","section":"for-sale","heading":"UNLOCK SAMSUNG GALAXY S3"}
{"city":"newyork","category":"cell-phones","section":"for-sale","heading":"iPhone 4 16gb factory unlocked"}
{"city":"newyork","category":"cell-phones","section":"for-sale","heading":"Verizon Blackberry Curve- good condition"}
{"city":"newyork","category":"cell-phones","section":"for-sale","heading":"--- iPhone 4 &amp; 4S for your 5 ---"}
{"city":"newyork","category":"cell-phones","section":"for-sale","heading":"iPhone 5 32GB UNLOCKED mint condition"}
{"city":"newyork","category":"cell-phones","section":"for-sale","heading":"Sprint Galaxy Note 2 CLEAN ESN"}
{"city":"newyork","category":"cell-phones","section":"for-sale","heading":"Two Sprint Samsung S3 for sale"}
{"city":"newyork","category":"cell-phones","section":"for-sale","heading":"VERIZON IPHONE 5 16GB WHITE "}
{"city":"newyork","category":"cell-phones","section":"for-sale","heading":"MOTORCYCLE PERMIT EXAM CDL PERMIT EXAM GURANTEE PASSIN  CALL MEEEEEE!"}
{"city":"newyork","category":"cell-phones","section":"for-sale","heading":"VERIZON IPHONE 5 16GB WHITE"}
{"city":"newyork","category":"cell-phones","section":"for-sale","heading":" 2 - I phones 3GS for sale"}
{"city":"newyork","category":"cell-phones","section":"for-sale","heading":"htc one x at&amp;t"}
{"city":"newyork","category":"cell-phones","section":"for-sale","heading":"Nokia AC-4C Cell Phone Charger with CA-44 Adapter"}
{"city":"newyork","category":"cell-phones","section":"for-sale","heading":"OEM NOKIA Boom HEADSET HDB-4 HDB4"}
{"city":"newyork","category":"cell-phones","section":"for-sale","heading":"Fix iPhone 5 , galaxy,iPod,tablet,iPad,htc,blackberry3475379013"}
{"city":"newyork","category":"cell-phones","section":"for-sale","heading":"Samsung SGH-T259 3G GSM Used Cell Phone Midnight T-Mobile"}
{"city":"newyork","category":"cell-phones","section":"for-sale","heading":"T-Mobile Micro Sim Card"}
{"city":"newyork","category":"cell-phones","section":"for-sale","heading":"Huawei Premia 4g Meteo pcs MetroPcs good condition clean ESN"}
{"city":"newyork","category":"cell-phones","section":"for-sale","heading":"iPhone 5 .. White 16 g... Mint condition..  "}
{"city":"newyork","category":"cell-phones","section":"for-sale","heading":"SAMSUNG GALAXY S3 16 GB  WHITE  VERIZON"}
{"city":"newyork","category":"cell-phones","section":"for-sale","heading":"Damaged Iphones wanted 4 4s 5"}
{"city":"newyork","category":"cell-phones","section":"for-sale","heading":"Damaged Iphones Wanted 4 4s 5"}
{"city":"newyork","category":"cell-phones","section":"for-sale","heading":"samsung galaxy note II "}
{"city":"newyork","category":"cell-phones","section":"for-sale","heading":"map"}
{"city":"newyork","category":"cell-phones","section":"for-sale","heading":"APPLE I PHONE 5 NEW IN THE BOX AT&amp;T Factory  Unlocked "}
{"city":"newyork","category":"cell-phones","section":"for-sale","heading":"Premium Motorola RAZR i XT890 Original Unlocked"}
{"city":"newyork","category":"cell-phones","section":"for-sale","heading":"map"}
{"city":"newyork","category":"cell-phones","section":"for-sale","heading":"map"}
{"city":"newyork","category":"cell-phones","section":"for-sale","heading":"Bold.9930.Black.(Unlocked).Smartphone.-.$155"}
{"city":"newyork","category":"cell-phones","section":"for-sale","heading":"Samsung Galaxy Nexus Car Dock"}
{"city":"newyork","category":"cell-phones","section":"for-sale","heading":"Cool Apple iPhone 4 32GB   Factory Unlocked"}
{"city":"newyork","category":"cell-phones","section":"for-sale","heading":"I phone 3GS 16gb ( Look's like New )"}
{"city":"newyork","category":"cell-phones","section":"for-sale","heading":"map"}
{"city":"newyork","category":"cell-phones","section":"for-sale","heading":"Iphone 4S 64gb Black in Mint Condition in the Box! "}
{"city":"newyork","category":"cell-phones","section":"for-sale","heading":"HTC One  32gb"}
{"city":"newyork","category":"cell-phones","section":"for-sale","heading":"Sprint Samsung S3 for sale available ASAP!!!"}
{"city":"newyork","category":"cell-phones","section":"for-sale","heading":"sprint \".galaxy \".s3 \".- \".$180"}
{"city":"newyork","category":"cell-phones","section":"for-sale","heading":"Iphone \".4 \".$150"}
{"city":"newyork","category":"cell-phones","section":"for-sale","heading":"SONY \".XPERIA \".Z \".BLACK \".LIKE \".BRAND \".NEW \".TMOBILE \".- \".$150"}
{"city":"newyork","category":"cell-phones","section":"for-sale","heading":"Unlocked Samsung Galaxy s4 like new "}
{"city":"newyork","category":"cell-phones","section":"for-sale","heading":"white' \"iphone' \"5' \"16gb' \"$190www.applyelec.com"}
{"city":"newyork","category":"cell-phones","section":"for-sale","heading":"map"}
{"city":"newyork","category":"cell-phones","section":"for-sale","heading":"SAMSUNG' \"GALAXY' \"S3' \"WHITE' \"$180www.applyelec.com"}
{"city":"newyork","category":"cell-phones","section":"for-sale","heading":"Samsung Galaxy S3 White- 16Gb- Unlocked"}
{"city":"newyork","category":"cell-phones","section":"for-sale","heading":"map"}
{"city":"newyork","category":"cell-phones","section":"for-sale","heading":"# `HTC# `One# `X# `AT&amp;T# `$129www.applyelec.com"}
{"city":"newyork","category":"cell-phones","section":"for-sale","heading":"# `iPhone# `4S# `16GB# `White$120www.applyelec.com"}
{"city":"newyork","category":"cell-phones","section":"for-sale","heading":"Samsung Galaxy S4 HD i9505 Unlocked White.New"}
{"city":"newyork","category":"cell-phones","section":"for-sale","heading":"map"}
{"city":"newyork","category":"cell-phones","section":"for-sale","heading":"Fast FUJITSU F-04E New in Box Unlocked"}
{"city":"newyork","category":"cell-phones","section":"for-sale","heading":"Iphone 5 Sprint White 16GB Unused"}
{"city":"newyork","category":"cell-phones","section":"for-sale","heading":"galaxy s2 t989 tmobile for trade"}
{"city":"newyork","category":"cell-phones","section":"for-sale","heading":"iPhone 4s 16gb Black - FACTORY UNLOCKED - Excellent cond - I DELIVER!"}
{"city":"newyork","category":"cell-phones","section":"for-sale","heading":"Blackberry Bold 9900 T-Mobile (Black)"}
{"city":"newyork","category":"cell-phones","section":"for-sale","heading":"nokia lumia 710"}
{"city":"newyork","category":"cell-phones","section":"for-sale","heading":"Otterbox Armor Series Waterproof Case for Iphone 5"}
{"city":"newyork","category":"cell-phones","section":"for-sale","heading":"Sprint Iphone 4s"}
{"city":"newyork","category":"cell-phones","section":"for-sale","heading":"Bold Unlocked Blackberry 96-50 Cellphone AT&amp;T Tmobile Simple Mobile "}
{"city":"newyork","category":"cell-phones","section":"for-sale","heading":"Two Sprint Samsung S3 for sale"}
{"city":"newyork","category":"cell-phones","section":"for-sale","heading":"HTC* ~One* ~v* ~Virgin* ~Mobile* ~-* ~$125www.applyelec.com"}
{"city":"newyork","category":"cell-phones","section":"for-sale","heading":"iPhone* ~3GS* ~32gb* ~$72www.applyelec.com"}
{"city":"newyork","category":"cell-phones","section":"for-sale","heading":"iPhone* ~3* ~8GB* ~$65* ~www.applyelec.com"}
{"city":"newyork","category":"cell-phones","section":"for-sale","heading":"16* ~Gig* ~iPhone* ~4S* ~$130www.applyelec.com"}
{"city":"newyork","category":"cell-phones","section":"for-sale","heading":"Huawei* ~W1* ~Windows* ~Prepaid* ~Phone* ~Net10$175www.applyelec.com"}
{"city":"newyork","category":"cell-phones","section":"for-sale","heading":"IPhone* ~3GS* ~8Gb* ~$81www.applyelec.com"}
{"city":"newyork","category":"cell-phones","section":"for-sale","heading":"Galaxy 2.3.4./iPhone 5 ,4,4s,3 / Note2 / iPad / iPod/ Repair shop"}
{"city":"newyork","category":"cell-phones","section":"for-sale","heading":"iPhone* `4* `16GB$137www.applyelec.com"}
{"city":"newyork","category":"cell-phones","section":"for-sale","heading":"GALAXYS3* `CHEAP* `$160www.applyelec.com"}
{"city":"newyork","category":"cell-phones","section":"for-sale","heading":"Samsung* `Gxy* `s4* `$205www.applyelec.com"}
{"city":"newyork","category":"cell-phones","section":"for-sale","heading":"Urban Armor Gear Case for Galaxy s4"}
{"city":"newyork","category":"cell-phones","section":"for-sale","heading":"NETWORK UNBLOCK: BAD BLOCKED OR BLACKLISTED OR NO SERVICE PROBLEM"}
{"city":"newyork","category":"cell-phones","section":"for-sale","heading":"UNBLOCKING BLOCKED IMEI GALAXY S4 S3 or NOTE 1/2"}
{"city":"newyork","category":"cell-phones","section":"for-sale","heading":"Nokia 610 Xpress Music like New..used 2X Unlocked - $150 (Fort Lee)"}
{"city":"newyork","category":"cell-phones","section":"for-sale","heading":"Unlock iphone4s 16gb"}
{"city":"newyork","category":"cell-phones","section":"for-sale","heading":"iPhone 4s (Sprint)"}
{"city":"newyork","category":"cell-phones","section":"for-sale","heading":"Huawei Ascend D1 8GB   Unlocked"}
{"city":"newyork","category":"cell-phones","section":"for-sale","heading":"brand new sidekick lx brown unlocked"}
{"city":"newyork","category":"cell-phones","section":"for-sale","heading":"I CAN FIX SAMSUNG GALAXY S3 NOTE2 THAT DONT TAKE SIGNAL"}
{"city":"newyork","category":"cell-phones","section":"for-sale","heading":"UNBLOCK BLACKLISTED SAMSUNG S4 S3 NOTE 2 S2 TMOBILE/AT&amp;T IN MINUTES "}
{"city":"newyork","category":"cell-phones","section":"for-sale","heading":"Samung Galaxy note ll "}
{"city":"newyork","category":"cell-phones","section":"for-sale","heading":"New HTC ONE MINI"}
{"city":"newyork","category":"cell-phones","section":"for-sale","heading":"BLACKBERRY BOLD FROM VERIZON"}
{"city":"newyork","category":"cell-phones","section":"for-sale","heading":"samsung galaxy s4 atat "}
{"city":"newyork","category":"cell-phones","section":"for-sale","heading":"iPhone 4S 16gb for sale "}
{"city":"newyork","category":"cell-phones","section":"for-sale","heading":"IPhone Repair "}
{"city":"newyork","category":"cell-phones","section":"for-sale","heading":"Samsung Galaxy S III SGH-I747 - 16GB - Pebble Blue (Unlocked)"}
{"city":"newyork","category":"cell-phones","section":"for-sale","heading":"Blackberry z10 - brand new price FIRM"}
{"city":"newyork","category":"cell-phones","section":"for-sale","heading":"Top Samsung I8190 Galaxy S III mini"}
{"city":"newyork","category":"cell-phones","section":"for-sale","heading":"Samsung&#12291;galaxy&#12291;2&#12291;$160&#12291;www.applyelec.com"}
{"city":"newyork","category":"cell-phones","section":"for-sale","heading":"T-Mobile blackberry 7290"}
{"city":"newyork","category":"cell-phones","section":"for-sale","heading":"Brand New Verizon Blackberry Z10"}
{"city":"newyork","category":"cell-phones","section":"for-sale","heading":"map"}
{"city":"newyork","category":"cell-phones","section":"for-sale","heading":"samsung galaxy note unlocked"}
{"city":"newyork","category":"cell-phones","section":"for-sale","heading":"iPhone 5 Empty Box With Accessories"}
{"city":"newyork","category":"cell-phones","section":"for-sale","heading":"CELL PHONE REPAIR I PHONE 4 4S FOR 55 ONLY "}
{"city":"newyork","category":"cell-phones","section":"for-sale","heading":"iPhone Factory Unlocking - $10"}
{"city":"newyork","category":"cell-phones","section":"for-sale","heading":"iPhone 5 Empty Box With Accessories"}
{"city":"newyork","category":"cell-phones","section":"for-sale","heading":"Iphone repair 4/ 4s glass cracked, Battery, charger Repair  9176764520"}
{"city":"newyork","category":"cell-phones","section":"for-sale","heading":"HTC ONE WANTED (only 2013 model)"}
{"city":"newyork","category":"cell-phones","section":"for-sale","heading":"Brand newBeats Tours with control talk"}
{"city":"newyork","category":"cell-phones","section":"for-sale","heading":" iPhone Factory Unlock Service. NYC Based, 100% Legal, Permanent! "}
{"city":"newyork","category":"cell-phones","section":"for-sale","heading":"Apple iPhone 4 8gb White: AT&amp;T"}
{"city":"newyork","category":"cell-phones","section":"for-sale","heading":"iphone 5 unlocked (ios 7) "}
{"city":"newyork","category":"cell-phones","section":"for-sale","heading":"at&amp;t Samsung galaxy note 2"}
{"city":"newyork","category":"cell-phones","section":"for-sale","heading":"OEM BATTERY for galaxy vibrant t959v"}
{"city":"newyork","category":"cell-phones","section":"for-sale","heading":"verizon iphone 4s   16gb"}
{"city":"newyork","category":"cell-phones","section":"for-sale","heading":"I PHONE 4"}
{"city":"newyork","category":"cell-phones","section":"for-sale","heading":"&#9742;~&#9742;~&#9742; &#9742;~&#9742; glass replacement "}
{"city":"newyork","category":"cell-phones","section":"for-sale","heading":"Samsung Galaxy S4 \"Verizon\""}
{"city":"newyork","category":"cell-phones","section":"for-sale","heading":"UNLOCKED Iphone 4 Broken Glass/Digitizer 10 AM until 10 pm West Villag"}
{"city":"newyork","category":"cell-phones","section":"for-sale","heading":"&#128158;&#128158;&#128158; iPhone 5 Glass replacement"}
{"city":"newyork","category":"cell-phones","section":"for-sale","heading":"20 minutes service repair iPhone scottie"}
{"city":"newyork","category":"cell-phones","section":"for-sale","heading":"I PHONE 4"}
{"city":"newyork","category":"cell-phones","section":"for-sale","heading":"IPHONE Repair charging port for iPhone 4 or iPhone 4s"}
{"city":"newyork","category":"cell-phones","section":"for-sale","heading":"&#9742;~&#9742;~&#9742; &#9742;~&#9742; glass replacement "}
{"city":"newyork","category":"cell-phones","section":"for-sale","heading":"&#9742;~&#9742;~&#9742; &#9742;~&#9742; glass replacement "}
{"city":"newyork","category":"cell-phones","section":"for-sale","heading":"iPhone 5 black 16gb Verizon"}
{"city":"newyork","category":"cell-phones","section":"for-sale","heading":"map"}
{"city":"newyork","category":"cell-phones","section":"for-sale","heading":"I PHONE 4"}
{"city":"newyork","category":"cell-phones","section":"for-sale","heading":"Galaxy 2.3.4./iPhone 5 ,4,4s,3 / Note2 / iPad / iPod/ Repair shop"}
{"city":"newyork","category":"cell-phones","section":"for-sale","heading":"Samsung galaxy s3 Verizon"}
{"city":"newyork","category":"cell-phones","section":"for-sale","heading":"$$$~~FREE CELL PHONES WITH NEW PLAN!!!~~$$$"}
{"city":"newyork","category":"cell-phones","section":"for-sale","heading":"iPhone 4S white 16gb w/ charger AT&amp;T "}
{"city":"newyork","category":"cell-phones","section":"for-sale","heading":"Fix iPhone 5,Tabletgalaxy s3,Htc,blackberry,LG,iPod,iPad, 347-537-9013"}
{"city":"newyork","category":"cell-phones","section":"for-sale","heading":"like new black iPhone 5 tmobile"}
{"city":"newyork","category":"cell-phones","section":"for-sale","heading":"like new black iPhone 5 tmobile"}
{"city":"newyork","category":"cell-phones","section":"for-sale","heading":"refurbished iphone 5 black t-mobile"}
{"city":"newyork","category":"cell-phones","section":"for-sale","heading":" IPHONE Repair charging port for iPhone 4 or iPhone 4s "}
{"city":"newyork","category":"cell-phones","section":"for-sale","heading":"iphone 5 att"}
{"city":"newyork","category":"cell-phones","section":"for-sale","heading":"Brand new original iphone 5 cases original ATT"}
{"city":"newyork","category":"cell-phones","section":"for-sale","heading":"***IPHONE 5 16GB -black --FACTORY UNLOCK--**"}
{"city":"newyork","category":"cell-phones","section":"for-sale","heading":"16gb iPhone 4Gs verizon"}
{"city":"newyork","category":"cell-phones","section":"for-sale","heading":"tmobile galaxy s4 white"}
{"city":"newyork","category":"cell-phones","section":"for-sale","heading":"Premium Motorola Droid Razr Maxx - 16GB New and Original"}
{"city":"newyork","category":"cell-phones","section":"for-sale","heading":"(Tmobile) Samsung Galaxy S1 4G in Excellent Condition! "}
{"city":"newyork","category":"cell-phones","section":"for-sale","heading":"map"}
{"city":"newyork","category":"cell-phones","section":"for-sale","heading":"+=+*=excellent condition Factory Unlock IPHONE 5 32GB -black -==**"}
{"city":"newyork","category":"cell-phones","section":"for-sale","heading":" I BUY ANY PHONE ANY SMARTHPHONE ANY CONDITION$callme now i buy it$$$$"}
{"city":"newyork","category":"cell-phones","section":"for-sale","heading":"IPHONES Repair iPhone 4/4s Head Phone jack"}
{"city":"newyork","category":"cell-phones","section":"for-sale","heading":"Galaxy s2 boost with screen protecter n dre solo beats For Iphone 4s"}
{"city":"newyork","category":"cell-phones","section":"for-sale","heading":"Fix your iPhone 4 or 4s Screen (Verizon/Sprint/AT&amp;T)"}
{"city":"newyork","category":"cell-phones","section":"for-sale","heading":"CANCEL ALL CELLULAR LINES GET OUT OF CONTRACT ASAP $75 "}
{"city":"newyork","category":"cell-phones","section":"for-sale","heading":"i325is Nextel, Walkie Talkie, "}
{"city":"newyork","category":"cell-phones","section":"for-sale","heading":"iPhone 4S 16gig AT&amp;T"}
{"city":"newyork","category":"cell-phones","section":"for-sale","heading":"iPhone 4 vzw mint condition"}
{"city":"newyork","category":"cell-phones","section":"for-sale","heading":"Samsung galaxy s3 Sprint 16 Gb  Trade "}
{"city":"newyork","category":"cell-phones","section":"for-sale","heading":"FUJITSU F-04E"}
{"city":"newyork","category":"cell-phones","section":"for-sale","heading":"LG mytouch 4g cracked lcd screen"}
{"city":"newyork","category":"cell-phones","section":"for-sale","heading":"76% OFF CELL PHONES, ANTENNAS, NOKIA"}
{"city":"newyork","category":"cell-phones","section":"for-sale","heading":"map"}
{"city":"newyork","category":"cell-phones","section":"for-sale","heading":"Y2K TECH REPAIR SELL PAWN BUY"}
{"city":"newyork","category":"cell-phones","section":"for-sale","heading":"AT&amp;T Samsung Galaxy Note II Titanium Gray 16GB"}
{"city":"newyork","category":"cell-phones","section":"for-sale","heading":"CELL PHONE REPAIR CHARGING PORT FOR $45"}
{"city":"newyork","category":"cell-phones","section":"for-sale","heading":"SPRINT IPHONE"}
{"city":"newyork","category":"cell-phones","section":"for-sale","heading":"map"}
{"city":"newyork","category":"cell-phones","section":"for-sale","heading":"Verizon Iphone 4S White 16GB Clean ESNExcellent Condition  "}
{"city":"newyork","category":"cell-phones","section":"for-sale","heading":"(Tmobile) HTC Amaze 4G Android Smartphone for Sale!"}
{"city":"newyork","category":"cell-phones","section":"for-sale","heading":"iPhone 5 factory unlocked "}
{"city":"newyork","category":"cell-phones","section":"for-sale","heading":"iPhone 4 s 16gig unlocked for any gsm "}
{"city":"newyork","category":"cell-phones","section":"for-sale","heading":"Iphone 4 Black Sprint (Clean ESM)"}
{"city":"newyork","category":"cell-phones","section":"for-sale","heading":"WE REPAIR IPHONE 4 4S 5 LCD GLASS DIGITIZER * SPECIAL "}
{"city":"newyork","category":"cell-phones","section":"for-sale","heading":"Samsung Impression SGH-A877 AT&amp;T"}
{"city":"newyork","category":"cell-phones","section":"for-sale","heading":"map"}
{"city":"newyork","category":"cell-phones","section":"for-sale","heading":" AT&amp;T Iphone 5 black mint ASAP - $440 (Flushing ) "}
{"city":"newyork","category":"cell-phones","section":"for-sale","heading":"iphone 3g/3gs broken lens replacement"}
{"city":"newyork","category":"cell-phones","section":"for-sale","heading":"Samsung Galaxy S3"}
{"city":"newyork","category":"cell-phones","section":"for-sale","heading":"Samsung Galaxy S4  Factory Unlocked....10/10 Condition"}
{"city":"newyork","category":"cell-phones","section":"for-sale","heading":"blackberry 4 sale!"}
{"city":"newyork","category":"cell-phones","section":"for-sale","heading":"Boost Mobile Galaxy Prevail"}
{"city":"newyork","category":"cell-phones","section":"for-sale","heading":"FUJITSU F-04E"}
{"city":"newyork","category":"cell-phones","section":"for-sale","heading":"blackberry 4 sale!"}
{"city":"newyork","category":"cell-phones","section":"for-sale","heading":"blackberry 4 sale!"}
{"city":"newyork","category":"cell-phones","section":"for-sale","heading":"TRADE LG NEXUS 4 16GIG UNLOCKED "}
{"city":"newyork","category":"cell-phones","section":"for-sale","heading":"CELL PHONE REPAIR CHARGING PORT FOR $45"}
{"city":"newyork","category":"cell-phones","section":"for-sale","heading":"CELL PHONE REPAIR I PHONE 3 3GS GLASS FOR $35"}
{"city":"newyork","category":"cell-phones","section":"for-sale","heading":"WE REPAIR iPads iPhones ALL SMART PHONES SCREENS/BATTERY/POWER RESET "}
{"city":"newyork","category":"cell-phones","section":"for-sale","heading":" IPHONES Repair iPhone 4/4s Head Phone jack "}
{"city":"newyork","category":"cell-phones","section":"for-sale","heading":"Iphone 4 &amp; 4S 16GB factory Unlocked Mint "}
{"city":"newyork","category":"cell-phones","section":"for-sale","heading":"!~! AT&amp;T HTC One X+ LTE For IPhonE !~!"}
{"city":"newyork","category":"cell-phones","section":"for-sale","heading":"iPod touch 3rd Generation 32gb Brand new in box"}
{"city":"newyork","category":"cell-phones","section":"for-sale","heading":"Back cover for Iphone 4 &amp; miscellaneous parts"}
{"city":"newyork","category":"cell-phones","section":"for-sale","heading":"Brand New BlackBerry Z10 (Latest Model) - 16GB - Black (T-Mobile)"}
{"city":"newyork","category":"cell-phones","section":"for-sale","heading":"WE REPAIR COMPUTERS"}
{"city":"newyork","category":"cell-phones","section":"for-sale","heading":"map"}
{"city":"newyork","category":"cell-phones","section":"for-sale","heading":"Unlock Your Spint/Verizon iPhone 4s "}
{"city":"newyork","category":"cell-phones","section":"for-sale","heading":"Immediate Sale Samsung Galaxy Note I"}
{"city":"newyork","category":"cell-phones","section":"for-sale","heading":"SAMSUNG S4 I537-I337-M919 BAD IMEI UNBLOCK SERVICE"}
{"city":"newyork","category":"cell-phones","section":"for-sale","heading":"clean Bad or blocked imei : SAMSUNG T999/T989/T879/T889/I317/I747/I727"}
{"city":"newyork","category":"cell-phones","section":"for-sale","heading":"Samsung Galaxy S3 For Parts"}
{"city":"newyork","category":"cell-phones","section":"for-sale","heading":"SAMSUNG S3 T999 OR I747 BAD IMEI UNBLOCK SERVICE"}
{"city":"newyork","category":"cell-phones","section":"for-sale","heading":"WE REPAIR iPads iPhones ALL SMART PHONES SCREENS/BATTERY/POWER RESET"}
{"city":"newyork","category":"cell-phones","section":"for-sale","heading":"FIRST MONTH FREE  !!!!"}
{"city":"newyork","category":"cell-phones","section":"for-sale","heading":"FIRST MONTH FREE  !!!"}
{"city":"newyork","category":"cell-phones","section":"for-sale","heading":"selling brand new samsung galaxy Y gt-s5360"}
{"city":"newyork","category":"cell-phones","section":"for-sale","heading":"Y2K TECH REPAIR SELL PAWN BUY"}
{"city":"newyork","category":"cell-phones","section":"for-sale","heading":"UNLOCKING 4S AND 5 IPHONE AT&amp;T"}
{"city":"newyork","category":"cell-phones","section":"for-sale","heading":"$$Need To Buy Used iPhone 4S For $220 Cash!!! - - 917-474-8511"}
{"city":"newyork","category":"cell-phones","section":"for-sale","heading":"Samsung Galaxy S SCH-I500 (Verizon)"}
{"city":"newyork","category":"cell-phones","section":"for-sale","heading":"iPhone 4S 16gb AT&amp;T "}
{"city":"newyork","category":"cell-phones","section":"for-sale","heading":"Iphone5 16g black factory unlocked "}
{"city":"newyork","category":"cell-phones","section":"for-sale","heading":"MOTOROLA BLUETOOTH HEADSET WITH CHARGER-BRAND NEW"}
{"city":"newyork","category":"cell-phones","section":"for-sale","heading":"iphone 4 white 16gb at&amp;t\n"}
{"city":"newyork","category":"cell-phones","section":"for-sale","heading":"Boost Mobile Venice "}
{"city":"newyork","category":"cell-phones","section":"for-sale","heading":"***QUICK SALE SPRINT S3 BLUE"}
{"city":"newyork","category":"cell-phones","section":"for-sale","heading":" iphone 5 LCD Repair FOR Only "}
{"city":"newyork","category":"cell-phones","section":"for-sale","heading":"Bulk Lots of High End Electronics!"}
{"city":"newyork","category":"cell-phones","section":"for-sale","heading":"Update Your Iphone 2 IOS 7 "}
{"city":"newyork","category":"cell-phones","section":"for-sale","heading":"Unlock Your Spint/Verizon iPhone 4s "}
{"city":"newyork","category":"cell-phones","section":"for-sale","heading":"map"}
{"city":"newyork","category":"cell-phones","section":"for-sale","heading":"HTC VIVID (AT&amp;T)"}
{"city":"newyork","category":"cell-phones","section":"for-sale","heading":"Original OEM Samsung Galaxy S2 S3 Battery with 1800mAh/ 3.7V "}
{"city":"newyork","category":"cell-phones","section":"for-sale","heading":"Wanted:iPhone &amp; galaxy"}
{"city":"newyork","category":"cell-phones","section":"for-sale","heading":"map"}
{"city":"newyork","category":"cell-phones","section":"for-sale","heading":"UNLOCK GSM 4G ANDROID PHONES FOR SIMPLE AND TMOBILE ATT SMARTPHONES "}
{"city":"newyork","category":"cell-phones","section":"for-sale","heading":"IPHONE 5 16BLACK AT&amp;T BRAND NEW UNOPENED BOX!"}
{"city":"newyork","category":"cell-phones","section":"for-sale","heading":"map"}
{"city":"newyork","category":"cell-phones","section":"for-sale","heading":"iPhone Factory Unlock AT&amp;T FAST REPAIR"}
{"city":"newyork","category":"cell-phones","section":"for-sale","heading":"HTC One (2013) tmobile"}
{"city":"newyork","category":"cell-phones","section":"for-sale","heading":"map"}
{"city":"newyork","category":"cell-phones","section":"for-sale","heading":"map"}
{"city":"newyork","category":"cell-phones","section":"for-sale","heading":"map"}
{"city":"newyork","category":"cell-phones","section":"for-sale","heading":"map"}
{"city":"newyork","category":"cell-phones","section":"for-sale","heading":"map"}
{"city":"newyork","category":"cell-phones","section":"for-sale","heading":"GALAXY NOTE 2 "}
{"city":"newyork","category":"cell-phones","section":"for-sale","heading":"SONY XPERIA Z WHITE LTE "}
{"city":"newyork","category":"cell-phones","section":"for-sale","heading":"LG Optimus G SPRINT"}
{"city":"newyork","category":"cell-phones","section":"for-sale","heading":"Ipod touch 5 Brand New 32Gb"}
{"city":"newyork","category":"cell-phones","section":"for-sale","heading":"HTC One 32GB PN07120 - Good Condition Silver T-MOBILE  Smartphone"}
{"city":"newyork","category":"cell-phones","section":"for-sale","heading":"iphone 5 LCD Repair FOR Only"}
{"city":"newyork","category":"cell-phones","section":"for-sale","heading":"ipad Mini 16gb &amp; 64gb Mint Condition "}
{"city":"newyork","category":"cell-phones","section":"for-sale","heading":"New IPAD2"}
{"city":"newyork","category":"cell-phones","section":"for-sale","heading":"APPLE IPHONE 4 16GB BLACK FACTORY UNLOCKED SMARTPHONE GSM | EXCELLENT"}
{"city":"newyork","category":"cell-phones","section":"for-sale","heading":"HTC MyTouch - UNLOCKED "}
{"city":"newyork","category":"cell-phones","section":"for-sale","heading":"2 ipad Mini 16gb &amp; 64gb for sale "}
{"city":"newyork","category":"cell-phones","section":"for-sale","heading":"HTC G2 - UNLOCKED "}
{"city":"newyork","category":"cell-phones","section":"for-sale","heading":"6 iphone 5 for sale White &amp; Black Mint Wholesale "}
{"city":"newyork","category":"cell-phones","section":"for-sale","heading":"PLASTIC MATT METALLIC COLOR WALLET FLIP COVER SAMSUNG GALAXY S4 CASE S"}
{"city":"newyork","category":"cell-phones","section":"for-sale","heading":"6 iphone 5 for sale White &amp; Black Mint Condition "}
{"city":"newyork","category":"cell-phones","section":"for-sale","heading":"FIRST MONTH FREE   !!!"}
{"city":"newyork","category":"cell-phones","section":"for-sale","heading":"iPhone 4S"}
{"city":"newyork","category":"cell-phones","section":"for-sale","heading":"map"}
{"city":"newyork","category":"cell-phones","section":"for-sale","heading":"Iphone 5 16 GB New Sealed"}
{"city":"newyork","category":"cell-phones","section":"for-sale","heading":"iPhone 4/4S Incipio Case"}
{"city":"newyork","category":"cell-phones","section":"for-sale","heading":"FIRST MONTH FREE   !!!"}
{"city":"newyork","category":"cell-phones","section":"for-sale","heading":"WE REPAIR COMPUTERS"}
{"city":"newyork","category":"cell-phones","section":"for-sale","heading":"Turn Your Money Into More Instantly NO B.S ...... Call Me"}
{"city":"newyork","category":"cell-phones","section":"for-sale","heading":"Nexus 7 Tablet, cracked screen"}
{"city":"newyork","category":"cell-phones","section":"for-sale","heading":"FIRST MONTH FREE   !!!!"}
{"city":"newyork","category":"cell-phones","section":"for-sale","heading":"((( SAMSUNG GALAXY S2 LIKE NEW IN BOX WITH EXTRAS )))"}
{"city":"newyork","category":"cell-phones","section":"for-sale","heading":"Sprint Samsung galaxy S4 white color Clean Esn Gsm Unloked Any Country"}
{"city":"newyork","category":"cell-phones","section":"for-sale","heading":"Unlock Servise "}
{"city":"newyork","category":"cell-phones","section":"for-sale","heading":"Brand New iPhone 4S. 16GB. AT&amp;T "}
{"city":"newyork","category":"cell-phones","section":"for-sale","heading":"Blackberry Smartphones For Sales!"}
{"city":"newyork","category":"cell-phones","section":"for-sale","heading":"Unlock Servise "}
{"city":"newyork","category":"cell-phones","section":"for-sale","heading":"samsung galaxy s3 brand new"}
{"city":"newyork","category":"cell-phones","section":"for-sale","heading":"Iphone jailbrake services"}
{"city":"newyork","category":"cell-phones","section":"for-sale","heading":"Jets Parking passes and or tickets on 49ydline row 7 Sect 338"}
{"city":"newyork","category":"cell-phones","section":"for-sale","heading":"MetroPCS Samsung Aspire $100"}
{"city":"newyork","category":"cell-phones","section":"for-sale","heading":" @!7GET YOUR S2/S3/S4 HTC ONE,EVO,LTE PHONES,SAMSUNG AND MORE FLASH GU"}
{"city":"newyork","category":"cell-phones","section":"for-sale","heading":"FIRST MONTH FREE   !!!"}
{"city":"newyork","category":"cell-phones","section":"for-sale","heading":"FIRST MONTH  FREE  !!!"}
{"city":"newyork","category":"cell-phones","section":"for-sale","heading":"FIRST MONTH FREE  !!!!"}
{"city":"newyork","category":"cell-phones","section":"for-sale","heading":"FIRST MONTH FREE   !!!!"}
{"city":"newyork","category":"cell-phones","section":"for-sale","heading":"Samsung Galaxy S3 - MINT CONDITION "}
{"city":"newyork","category":"cell-phones","section":"for-sale","heading":"FIRST MONTH FREE "}
{"city":"newyork","category":"cell-phones","section":"for-sale","heading":"Unlock Servise "}
{"city":"newyork","category":"cell-phones","section":"for-sale","heading":"FIRST MONTH FREE   !!!"}
{"city":"newyork","category":"cell-phones","section":"for-sale","heading":"Unlock Servise "}
{"city":"newyork","category":"cell-phones","section":"for-sale","heading":"Unlock Servise "}
{"city":"newyork","category":"cell-phones","section":"for-sale","heading":" IPHONE Repair iphone 4/4s power button"}
{"city":"newyork","category":"cell-phones","section":"for-sale","heading":" iphone 5 LCD Repair FOR Only"}
{"city":"newyork","category":"cell-phones","section":"for-sale","heading":"lifesproof for iphone 4-5"}
{"city":"newyork","category":"cell-phones","section":"for-sale","heading":"Get your galaxi s3 no senal, we fix in 20 minute."}
{"city":"newyork","category":"cell-phones","section":"for-sale","heading":" IPHONES Repair iPhone 4/4s Head Phone jack"}
{"city":"newyork","category":"cell-phones","section":"for-sale","heading":"IPHONE Repair charging port for iPhone 4 or iPhone 4s"}
{"city":"newyork","category":"cell-phones","section":"for-sale","heading":"WE REPAIR COMPUTERS"}
{"city":"newyork","category":"cell-phones","section":"for-sale","heading":"Speaker repair for iPhone 4 or iPhone 4s "}
{"city":"newyork","category":"cell-phones","section":"for-sale","heading":" iphone 5 LCD Repair FOR Only"}
{"city":"newyork","category":"cell-phones","section":"for-sale","heading":" power button for iPhone 4/4s "}
{"city":"newyork","category":"cell-phones","section":"for-sale","heading":" Fix your iPhone 5 Screen (Verizon/Sprint/AT&amp;T)"}
{"city":"newyork","category":"cell-phones","section":"for-sale","heading":"map"}
{"city":"newyork","category":"cell-phones","section":"for-sale","heading":"iPhone Factory Unlocking"}
{"city":"newyork","category":"cell-phones","section":"for-sale","heading":"Iphone 4 32gb Factory Unlocked "}
{"city":"newyork","category":"cell-phones","section":"for-sale","heading":"Bold Blackberry Unlocked 965O Tmobile AT&amp;T Simple Mobile att h20 etc.."}
{"city":"newyork","category":"cell-phones","section":"for-sale","heading":"Blackberry Bold 9000 - UNLOCKED "}
{"city":"newyork","category":"cell-phones","section":"for-sale","heading":"Blackberry Storm 9530 - UNLOCKED "}
{"city":"newyork","category":"appliances","section":"for-sale","heading":"Large Air conditioner"}
{"city":"newyork","category":"appliances","section":"for-sale","heading":"Freestanding Cooling and Heating unit! Just Plug in to outlet"}
{"city":"newyork","category":"appliances","section":"for-sale","heading":"FAN 18\" Floor unit 3 speeds."}
{"city":"newyork","category":"appliances","section":"for-sale","heading":"Vacume Cleaner,Bissell easy vac."}
{"city":"newyork","category":"appliances","section":"for-sale","heading":"VITA MIX 3600 BLENDER MOTOR BASE WORKS GREAT"}
{"city":"newyork","category":"appliances","section":"for-sale","heading":"Welbilt bread machine "}
{"city":"newyork","category":"appliances","section":"for-sale","heading":"map"}
{"city":"newyork","category":"appliances","section":"for-sale","heading":"__*Portable A/C , Washer,Dryer,Fridge,Stove,Microwaves ETC__q"}
{"city":"newyork","category":"appliances","section":"for-sale","heading":"SUPER AFFORDABLE: REFRIDGERATORS &gt;&gt; Fast Friendly Sale &lt;&lt;"}
{"city":"newyork","category":"appliances","section":"for-sale","heading":"&#9658;&#9658;Washing Machine,Dryer,Stove,Oven,Range,Fridge"}
{"city":"newyork","category":"appliances","section":"for-sale","heading":" ========&gt; OVEN STOVE RANGE ... Mint . CLEAN!!!   Island Discount"}
{"city":"newyork","category":"appliances","section":"for-sale","heading":"7000 btu AIR CONDITION HAMPTON BAY  mfg WHIRLPOOL"}
{"city":"newyork","category":"appliances","section":"for-sale","heading":" DISHWASHER, White, 24\""}
{"city":"newyork","category":"appliances","section":"for-sale","heading":"freezer compressor"}
{"city":"newyork","category":"appliances","section":"for-sale","heading":"EXPERT PLUMBING - HOT WATER BOILERS -HVAC REPAIRS AND INSTALLATIONS"}
{"city":"newyork","category":"appliances","section":"for-sale","heading":"=====Don't pay more for furnaces##"}
{"city":"newyork","category":"appliances","section":"for-sale","heading":"&lt;:(Discount Air Conditioners:)"}
{"city":"newyork","category":"appliances","section":"for-sale","heading":"Lot of Household appliances"}
{"city":"newyork","category":"appliances","section":"for-sale","heading":"Pepsi Refrid / Vending"}
{"city":"newyork","category":"appliances","section":"for-sale","heading":"_&#9608;___$130 _ WIRELESS _ DR DRE &#9608;&#9608;"}
{"city":"newyork","category":"appliances","section":"for-sale","heading":"MicroLux ML4000D HEPA Air Purifier "}
{"city":"newyork","category":"appliances","section":"for-sale","heading":"Professional smokers only"}
{"city":"newyork","category":"appliances","section":"for-sale","heading":"white pedestal sink"}
{"city":"newyork","category":"appliances","section":"for-sale","heading":"REAL NICE WIRLPOOL WASHING MACHINE"}
{"city":"newyork","category":"appliances","section":"for-sale","heading":"Basic Window AC Unit"}
{"city":"newyork","category":"appliances","section":"for-sale","heading":"Induction Burner"}
{"city":"newyork","category":"appliances","section":"for-sale","heading":"Castle Pizza Oven"}
{"city":"newyork","category":"appliances","section":"for-sale","heading":"air jordan  14s size 8.5"}
{"city":"newyork","category":"appliances","section":"for-sale","heading":"map"}
{"city":"newyork","category":"appliances","section":"for-sale","heading":"beautiful massage chair"}
{"city":"newyork","category":"appliances","section":"for-sale","heading":"map"}
{"city":"newyork","category":"appliances","section":"for-sale","heading":"BBQ VERY GOOD CONDITION/ VERY CHEAP "}
{"city":"newyork","category":"appliances","section":"for-sale","heading":"map"}
{"city":"newyork","category":"appliances","section":"for-sale","heading":"map"}
{"city":"newyork","category":"appliances","section":"for-sale","heading":"map"}
{"city":"newyork","category":"appliances","section":"for-sale","heading":"$$$$$ We pay Top Dollar For Used Restaurant Equipment $$$$"}
{"city":"newyork","category":"appliances","section":"for-sale","heading":"Mixers&#9734;Collers&#9734;Freezers&#9734;Ovens&#9734;"}
{"city":"newyork","category":"appliances","section":"for-sale","heading":"map"}
{"city":"newyork","category":"appliances","section":"for-sale","heading":"map"}
{"city":"newyork","category":"appliances","section":"for-sale","heading":"map"}
{"city":"newyork","category":"appliances","section":"for-sale","heading":"Avanti portable washer w757 ( free delivery within Brooklyn)"}
{"city":"newyork","category":"appliances","section":"for-sale","heading":"map"}
{"city":"newyork","category":"appliances","section":"for-sale","heading":"A lot of appliances for sale^^up to save 75%"}
{"city":"newyork","category":"appliances","section":"for-sale","heading":"Hot tube (jacuzzi)"}
{"city":"newyork","category":"appliances","section":"for-sale","heading":" Portable AC - Frigidaire 9000 BTU for $175 "}
{"city":"newyork","category":"appliances","section":"for-sale","heading":"AC frigidaire - Window-Air-Conditioner"}
{"city":"newyork","category":"appliances","section":"for-sale","heading":"^ SHARP AC 6500 BTU for Sale."}
{"city":"newyork","category":"appliances","section":"for-sale","heading":"commercial Refrigeration"}
{"city":"newyork","category":"appliances","section":"for-sale","heading":"Portable AC - Frigidaire 9000 BTU for $175 "}
{"city":"newyork","category":"appliances","section":"for-sale","heading":"commercial Refrigeration"}
{"city":"newyork","category":"appliances","section":"for-sale","heading":"NEW GE PROFILE 27\" ELECTRIC CONVECTION WALL OVEN IN BISQUE"}
{"city":"newyork","category":"appliances","section":"for-sale","heading":"Commercial refrigeration"}
{"city":"newyork","category":"appliances","section":"for-sale","heading":"restaurant / Deli equipment for sale"}
{"city":"newyork","category":"appliances","section":"for-sale","heading":"NEW SUMMIT 24\" STAINLESS STEEL GAS RANGE"}
{"city":"newyork","category":"appliances","section":"for-sale","heading":"BRAND NEW (in box) Delonghi heater"}
{"city":"newyork","category":"appliances","section":"for-sale","heading":"map"}
{"city":"newyork","category":"appliances","section":"for-sale","heading":"Frigidaire window and Amana portable air conditioner"}
{"city":"newyork","category":"appliances","section":"for-sale","heading":"Portable Electric Fireplace"}
{"city":"newyork","category":"appliances","section":"for-sale","heading":"Whirlpool Washer &amp; Dryer"}
{"city":"newyork","category":"appliances","section":"for-sale","heading":"OMEGA FRUIT AND VEGETABLE JUICER WITH 2 PKS OF FILTERS "}
{"city":"newyork","category":"appliances","section":"for-sale","heading":"map"}
{"city":"newyork","category":"appliances","section":"for-sale","heading":"space saver washer"}
{"city":"newyork","category":"appliances","section":"for-sale","heading":"office refrigerator"}
{"city":"newyork","category":"appliances","section":"for-sale","heading":"stove"}
{"city":"newyork","category":"appliances","section":"for-sale","heading":"ge refrigerator"}
{"city":"newyork","category":"appliances","section":"for-sale","heading":"kenmore washer and dryer"}
{"city":"newyork","category":"appliances","section":"for-sale","heading":"ge refrigerator"}
{"city":"newyork","category":"appliances","section":"for-sale","heading":"Vitamix 5200 (White)"}
{"city":"newyork","category":"appliances","section":"for-sale","heading":"refrigerator"}
{"city":"newyork","category":"appliances","section":"for-sale","heading":"baseman refrigerator"}
{"city":"newyork","category":"appliances","section":"for-sale","heading":"__________ FREE CABLE TV and MOVIES! - - - - - "}
{"city":"newyork","category":"appliances","section":"for-sale","heading":"stove"}
{"city":"newyork","category":"appliances","section":"for-sale","heading":"air conditioning"}
{"city":"newyork","category":"appliances","section":"for-sale","heading":"wine cooler "}
{"city":"newyork","category":"appliances","section":"for-sale","heading":"WE BUY ALL COMMERCIAL KITCHEN EQUIPMENT"}
{"city":"newyork","category":"appliances","section":"for-sale","heading":"WE BUY ALL COMMERCIAL KITCHEN EQUIPMENT"}
{"city":"newyork","category":"appliances","section":"for-sale","heading":"maytag washer dryer $400 "}
{"city":"newyork","category":"appliances","section":"for-sale","heading":"&#9603; &#9605; &#9606;_ $90 STUDIO DRE HEADPHONES _ &#9603; &#9605; &#9606;_ "}
{"city":"newyork","category":"appliances","section":"for-sale","heading":"Stainless steel gas stove"}
{"city":"newyork","category":"appliances","section":"for-sale","heading":"Maytag 5000 series dryer w/ steam"}
{"city":"newyork","category":"appliances","section":"for-sale","heading":"Rheem Condensing unit"}
{"city":"newyork","category":"appliances","section":"for-sale","heading":"Atmosair P2000 and T400 Air Purifiers / Ionizer (Remove Smoke Odors)"}
{"city":"newyork","category":"appliances","section":"for-sale","heading":"COMMERCIAL ICE MACHINES AND BINS BEST OFFER"}
{"city":"newyork","category":"appliances","section":"for-sale","heading":"map"}
{"city":"newyork","category":"appliances","section":"for-sale","heading":"Dacor 48\" range 9\" Backguard"}
{"city":"newyork","category":"appliances","section":"for-sale","heading":"map"}
{"city":"newyork","category":"appliances","section":"for-sale","heading":"NEW STAINLESS STEEL DOUBLE DRAWER REFRIGERATOR"}
{"city":"newyork","category":"appliances","section":"for-sale","heading":"SUMMIT PROFESSIONAL 20\" GAS STOVE STAINLESS STEEL TNM13027BFKWY"}
{"city":"newyork","category":"appliances","section":"for-sale","heading":"NEW GE 27\" FRONT LOAD GAS DRYER"}
{"city":"newyork","category":"appliances","section":"for-sale","heading":"Frigidaire Refrigerator. Excellent condition."}
{"city":"newyork","category":"appliances","section":"for-sale","heading":"Portable Dishwasher"}
{"city":"newyork","category":"appliances","section":"for-sale","heading":"NEW IN BOX GE 30\" SINGLE-DOUBLE WALL OVEN IN STAINLESS STEEL"}
{"city":"newyork","category":"appliances","section":"for-sale","heading":"Tanita BF682W Body Fat Analyzer and Digital Scale"}
{"city":"newyork","category":"appliances","section":"for-sale","heading":"5,200 BTU Window Air Conditioner"}
{"city":"newyork","category":"appliances","section":"for-sale","heading":"map"}
{"city":"newyork","category":"appliances","section":"for-sale","heading":"Tanita BF682W Body Fat Analyzer and Digital Scale"}
{"city":"newyork","category":"appliances","section":"for-sale","heading":"Washing Machine"}
{"city":"newyork","category":"appliances","section":"for-sale","heading":"Self Taking Blood Pressure Monitor Medical Grade Accuracy"}
{"city":"newyork","category":"appliances","section":"for-sale","heading":"Sanyo Microwave  1 year old"}
{"city":"newyork","category":"appliances","section":"for-sale","heading":"NEW!!! WASHER &amp; DRYER"}
{"city":"newyork","category":"appliances","section":"for-sale","heading":"White Kenmore Refrigerator "}
{"city":"newyork","category":"appliances","section":"for-sale","heading":"32 BOTTLE WINE COOLER"}
{"city":"newyork","category":"appliances","section":"for-sale","heading":"Window AC Air Conditioner Units"}
{"city":"newyork","category":"appliances","section":"for-sale","heading":"map"}
{"city":"newyork","category":"appliances","section":"for-sale","heading":"Steamer-Rice Cooker-Glassware &amp; More"}
{"city":"newyork","category":"appliances","section":"for-sale","heading":"Hamilton Beach~Food Processor in very good working condition like new"}
{"city":"newyork","category":"appliances","section":"for-sale","heading":"H2O Steam Machine"}
{"city":"newyork","category":"appliances","section":"for-sale","heading":"Water Heater (Electric)"}
{"city":"newyork","category":"appliances","section":"for-sale","heading":"Juke Box Iphone Doc Speaker"}
{"city":"newyork","category":"appliances","section":"for-sale","heading":"Summit SWC1925 SWC1925 162 Bottle Capacity Wine Cellar "}
{"city":"newyork","category":"appliances","section":"for-sale","heading":"Oster 6-Cup Glass Jar 12-Speed Blender "}
{"city":"newyork","category":"appliances","section":"for-sale","heading":"LG Microwave over the range"}
{"city":"newyork","category":"appliances","section":"for-sale","heading":"Priced To Fly: WASHER DRYER SETS &gt;&gt; Save 70% Over New &lt;&lt;"}
{"city":"newyork","category":"appliances","section":"for-sale","heading":" REGULAR FRIDGE //// SMALL - MED SIZES  islanddiscountappliances.com"}
{"city":"newyork","category":"appliances","section":"for-sale","heading":" You Can Buy a Refrigerator,Dishwasher,Microwave&amp;Stove,Oven, "}
{"city":"newyork","category":"appliances","section":"for-sale","heading":"restaurant / Deli equipment for sale"}
{"city":"newyork","category":"appliances","section":"for-sale","heading":"Fusion Juicer w/ Fusion Booster Red"}
{"city":"newyork","category":"appliances","section":"for-sale","heading":"map"}
{"city":"newyork","category":"appliances","section":"for-sale","heading":"12000 BTU Portable air conditioner"}
{"city":"newyork","category":"appliances","section":"for-sale","heading":"Cuisinart Convection Breadmaker"}
{"city":"newyork","category":"appliances","section":"for-sale","heading":"+++++&#929;ac&#1082;age &#913;ir &#1057;ondit&#1110;&#7441;ners,"}
{"city":"newyork","category":"appliances","section":"for-sale","heading":"___WIRELESS &#9608;&#9608;&#9608;&#9608;____BEATS BEATS BEATS BEATS BEATS BEATS "}
{"city":"newyork","category":"appliances","section":"for-sale","heading":"map"}
{"city":"newyork","category":"appliances","section":"for-sale","heading":"DYNEX PAPER SHREDDER"}
{"city":"newyork","category":"appliances","section":"for-sale","heading":"Two Desk Lamps"}
{"city":"newyork","category":"appliances","section":"for-sale","heading":"APPLIANCES ON SALE, 78% OFF ON KITCHEN APPLIANCES, VACUUMS"}
{"city":"newyork","category":"appliances","section":"for-sale","heading":"Gas Hot Water Heater 75 Gallon Tank - only 2 years old"}
{"city":"newyork","category":"appliances","section":"for-sale","heading":"map"}
{"city":"newyork","category":"appliances","section":"for-sale","heading":"Heater - Electric Oil-Filled Radiator"}
{"city":"newyork","category":"appliances","section":"for-sale","heading":"We Pay Top Dollar For Used Equipment "}
{"city":"newyork","category":"appliances","section":"for-sale","heading":" $$$ we pay top dollar for any equipment $$$"}
{"city":"newyork","category":"appliances","section":"for-sale","heading":"WE BUY ALL COMMERCIAL KITCHEN EQUIPMENT"}
{"city":"newyork","category":"appliances","section":"for-sale","heading":"We Pay Top Dollar For Used Equipment "}
{"city":"newyork","category":"appliances","section":"for-sale","heading":"$$$$$ We pay Top Dollar For Used Restaurant Equipment $$$$"}
{"city":"newyork","category":"appliances","section":"for-sale","heading":"DeLonghi Digital Oil-filled Radiator Heater w/ Remote (OBO)"}
{"city":"newyork","category":"appliances","section":"for-sale","heading":"Black Whirlpool Refrigerator, Like New! "}
{"city":"newyork","category":"appliances","section":"for-sale","heading":"map"}
{"city":"newyork","category":"appliances","section":"for-sale","heading":"BRAND NEW TRAVEL COVERTER"}
{"city":"newyork","category":"appliances","section":"for-sale","heading":"INDOOR / OUTDOOR   VENTLESS   ETHANOL  FIREPLACES"}
{"city":"newyork","category":"appliances","section":"for-sale","heading":"map"}
{"city":"newyork","category":"appliances","section":"for-sale","heading":"map"}
{"city":"newyork","category":"appliances","section":"for-sale","heading":"map"}
{"city":"newyork","category":"appliances","section":"for-sale","heading":"INDOOR / OUTDOOR   VENTLESS   ETHANOL  FIREPLACES"}
{"city":"newyork","category":"appliances","section":"for-sale","heading":"map"}
{"city":"newyork","category":"appliances","section":"for-sale","heading":"map"}
{"city":"newyork","category":"appliances","section":"for-sale","heading":"map"}
{"city":"newyork","category":"appliances","section":"for-sale","heading":"map"}
{"city":"newyork","category":"appliances","section":"for-sale","heading":"map"}
{"city":"newyork","category":"appliances","section":"for-sale","heading":"map"}
{"city":"newyork","category":"appliances","section":"for-sale","heading":"10000 btu window air conditioner"}
{"city":"newyork","category":"appliances","section":"for-sale","heading":"map"}
{"city":"newyork","category":"appliances","section":"for-sale","heading":"Two Desk Lamps"}
{"city":"newyork","category":"appliances","section":"for-sale","heading":"map"}
{"city":"newyork","category":"appliances","section":"for-sale","heading":"LE PRESSE 8 MACHINES IN ONE- NEW $50 347 272 5099"}
{"city":"newyork","category":"appliances","section":"for-sale","heading":"map"}
{"city":"newyork","category":"appliances","section":"for-sale","heading":"&#10070;&#10070; WASHING MACHINE /// MUST SEE !!!! &#10070;"}
{"city":"newyork","category":"appliances","section":"for-sale","heading":"Kenmore 13.3 cu ft stand up freezer, works well"}
{"city":"newyork","category":"appliances","section":"for-sale","heading":"Oster bread maker $30 347 272 5099"}
{"city":"newyork","category":"appliances","section":"for-sale","heading":"map"}
{"city":"newyork","category":"appliances","section":"for-sale","heading":"$$$$$ We pay Top Dollar For Used Restaurant Equipment $$$$"}
{"city":"newyork","category":"appliances","section":"for-sale","heading":"Monster Beats by Dr Dre Wireless Headphones with Bluetooth "}
{"city":"newyork","category":"appliances","section":"for-sale","heading":"Monster Beats by Dr Dre Wireless Headphones with Bluetooth 